Path,Pitch,RMSE,PercentSilence,FrequencyMagnitude
E:/Learn/tool_instrument_voice_recognition/src/File âm thanh/1 máy sấy tóc/may_say_toc_1.wav,"[41.0105, 80.53759, 78.17408, 79.63045, 78.884094, 80.22667, 80.14571]","[52.480352808569755, 6.295327728661332, 3.6278046603824587, 3.843097218001882, 7.780515449953133, 5.244177334922521, 7.7701177481295804]","[18.498866213151928, 48.49433106575963, 47.73242630385488, 48.29478458049886, 49.88208616780045, 49.55555555555555, 51.25170068027211]","[(6044, 752.2972848700547), (25529, 144.3187829958743), (45436, 66.06745432748225), (70831, 37.561908261746865), (108914, 66.06745432748225), (128821, 144.3187829958743), (148306, 752.2972848700547)]"
E:/Learn/tool_instrument_voice_recognition/src/File âm thanh/1 máy sấy tóc/may_say_toc_10.wav,"[41.0105, 80.53759, 78.17408, 79.63045, 78.884094, 80.22667, 80.14571]","[8.866061611360935, 5.90003609235975, 5.3062554703848, 6.911261951262575, 6.316705071921682, 5.697994337034678, 6.202246966893741]","[44.86621315192744, 52.59410430839002, 50.70748299319728, 47.19274376417234, 49.5827664399093, 50.176870748299315, 51.2063492063492]","[(5220, 904.853142151317), (25793, 175.94676039560338), (49298, 64.93298364602944), (86955, 35.97284674824243), (105052, 64.93298364602944), (128557, 175.94676039560335), (149130, 904.8531421513169)]"
E:/Learn/tool_instrument_voice_recognition/src/File âm thanh/1 máy sấy tóc/may_say_toc_2.wav,"[41.0105, 80.53759, 78.17408, 79.63045, 78.884094, 80.22667, 80.14571]","[8.55075336646202, 6.140945845150521, 5.446192810112344, 7.470210397704726, 5.602601228470338, 6.5111835254356265, 4.244144485952954]","[47.800453514739225, 48.285714285714285, 46.6077097505669, 49.62358276643991, 50.48526077097505, 49.13378684807256, 55.47392290249433]","[(5443, 901.2298241811516), (25794, 230.12670148663543), (45017, 68.45153792051394), (67662, 41.36415376803655), (109333, 68.45153792051396), (128556, 230.12670148663537), (148907, 901.2298241811515)]"
E:/Learn/tool_instrument_voice_recognition/src/File âm thanh/1 máy sấy tóc/may_say_toc_3.wav,"[41.0105, 80.53759, 78.17408, 79.63045, 78.884094, 80.22667, 80.14571]","[11.558307245980169, 4.405098845572432, 6.911233159536052, 5.926177090787816, 5.455180977116383, 8.23579555137604, 6.015543838258877]","[46.37641723356008, 50.775510204081634, 57.532879818594104, 50.625850340136054, 51.42857142857143, 48.4172335600907, 49.038548752834465]","[(5481, 878.4611897842076), (25817, 245.70478881231975), (45217, 74.89093693465387), (83240, 38.75198463894448), (109133, 74.89093693465385), (128533, 245.70478881231972), (148869, 878.4611897842076)]"
E:/Learn/tool_instrument_voice_recognition/src/File âm thanh/1 máy sấy tóc/may_say_toc_4.wav,"[41.0105, 80.53759, 78.17408, 79.63045, 78.884094, 80.22667, 80.14571]","[10.874730486119557, 5.750694292891283, 4.89010491659255, 9.136110553628809, 3.362969501705222, 10.006769642876904, 16.476055680375016]","[46.07256235827665, 53.74149659863946, 49.01587301587301, 50.12698412698413, 49.53741496598639, 44.16326530612245, 52.34920634920635]","[(5817, 1030.2014572872602), (28912, 960.8676303195937), (50155, 161.97249391513614), (66944, 79.3201737335399), (104195, 161.97249391513614), (125438, 960.8676303195933), (148533, 1030.2014572872604)]"
E:/Learn/tool_instrument_voice_recognition/src/File âm thanh/1 máy sấy tóc/may_say_toc_5.wav,"[41.0105, 80.53759, 78.17408, 79.63045, 78.884094, 80.22667, 80.14571]","[9.877140991129847, 5.26177823887251, 3.616880255867727, 7.349455307398568, 5.719571490676788, 6.255918092626546, 6.175173074838573]","[46.9297052154195, 48.140589569160994, 48.00453514739229, 49.91836734693877, 49.53741496598639, 51.260770975056694, 49.482993197278915]","[(5980, 863.8659904253097), (25529, 139.05492270091096), (48909, 77.1492020052558), (70831, 42.127507511494386), (105441, 77.1492020052558), (128821, 139.054922700911), (148370, 863.8659904253095)]"
E:/Learn/tool_instrument_voice_recognition/src/File âm thanh/1 máy sấy tóc/may_say_toc_6.wav,"[41.0105, 80.53759, 78.17408, 79.63045, 78.884094, 80.22667, 80.14571]","[11.090170075510477, 6.0543815694039775, 7.471984558893989, 6.197127367791143, 6.126807519744727, 4.107961655106573, 6.8135700094336205]","[46.770975056689345, 46.698412698412696, 49.50113378684807, 50.52154195011338, 49.18820861678005, 55.51020408163265, 47.981859410430836]","[(5482, 986.4410184917056), (25794, 176.56893024349714), (45017, 63.91660298519111), (70308, 43.401630992114214), (109333, 63.916602985191126), (128556, 176.56893024349714), (148868, 986.4410184917054)]"
E:/Learn/tool_instrument_voice_recognition/src/File âm thanh/1 máy sấy tóc/may_say_toc_7.wav,"[41.0105, 80.53759, 78.17408, 79.63045, 78.884094, 80.22667, 80.14571]","[7.409434606927599, 7.6897813771557555, 6.4230769947503825, 5.3922010929368085, 7.728144887369126, 5.3625112737617675, 5.042908568256756]","[52.33106575963719, 57.46485260770975, 50.56689342403628, 51.46485260770975, 48.439909297052154, 48.997732426303855, 47.63718820861678]","[(5801, 872.4184852312544), (25838, 222.5834342571139), (44713, 68.58071119367615), (71110, 37.72046361281148), (109637, 68.58071119367614), (128512, 222.5834342571139), (148549, 872.4184852312544)]"
E:/Learn/tool_instrument_voice_recognition/src/File âm thanh/1 máy sấy tóc/may_say_toc_8.wav,"[41.0105, 80.53759, 78.17408, 79.63045, 78.884094, 80.22667, 80.14571]","[8.304381809259297, 5.555016194592186, 8.644733061304404, 3.2595247895057713, 9.325072730557405, 17.253367580650817, 21.377040052764293]","[55.32879818594104, 49.00680272108844, 48.74829931972789, 49.560090702947846, 43.6281179138322, 51.97732426303855, 22.272108843537424]","[(9085, 940.6125465895162), (28912, 957.8776571264729), (50155, 159.80419521663202), (67706, 81.42167326701028), (104195, 159.804195216632), (125438, 957.8776571264729), (145265, 940.6125465895163)]"
E:/Learn/tool_instrument_voice_recognition/src/File âm thanh/1 máy sấy tóc/may_say_toc_9.wav,"[41.0105, 80.53759, 78.17408, 79.63045, 78.884094, 80.22667, 80.14571]","[95.81703309576855, 5.589432681500468, 5.19024385194782, 6.064663584055823, 5.002286523813382, 7.015190289876911, 6.602678321568029]","[47.06575963718821, 50.55328798185941, 46.521541950113374, 52.6077097505669, 50.70748299319728, 47.147392290249435, 49.63265306122449]","[(5980, 844.6045989829948), (25672, 139.96033873592862), (49100, 67.71233039420183), (86621, 38.624299644589726), (105250, 67.7123303942018), (128678, 139.9603387359286), (148370, 844.6045989829948)]"
E:/Learn/tool_instrument_voice_recognition/src/File âm thanh/10 súng phun sơn/sprayer1.wav,"[41.0105, 80.53759, 78.17408, 79.63045, 78.884094, 80.22667, 80.14571]","[50.820276344216666, 40.41933858922372, 38.06538344804375, 40.534416906302795, 51.92132454290653, 8.372054312245123, 39.37330199350115]","[47.05668934240362, 57.42857142857143, 36.439909297052154, 13.083900226757379, 30.00453514739229, 50.399092970521544, 53.96825396825397]","[(20047, 23.69701171556025), (38286, 68.29830108273514), (64959, 93.1723694069361), (67311, 84.96722035513307), (89391, 93.1723694069361), (116064, 68.29830108273514), (134303, 23.69701171556025)]"
E:/Learn/tool_instrument_voice_recognition/src/File âm thanh/10 súng phun sơn/sprayer10.wav,"[41.0105, 80.53759, 78.17408, 79.63045, 78.884094, 80.22667, 80.14571]","[9.13179909274372, 85.24792880108137, 41.786168973582484, 2.4243555527867837, 2.0646849520939474, 24.25929617533083, 2.468748666417144]","[39.41043083900227, 71.6780045351474, 39.900226757369616, 53.002267573696145, 50.82993197278912, 63.17460317460317, 50.75736961451247]","[(1050, 375.13887075513856), (23257, 112.94861703353025), (53991, 121.47781683168157), (85350, 129.13750844928663), (100359, 121.47781683168157), (131093, 112.94861703353028), (153300, 375.1388707551386)]"
E:/Learn/tool_instrument_voice_recognition/src/File âm thanh/10 súng phun sơn/sprayer2.wav,"[41.0105, 80.53759, 78.17408, 79.63045, 78.884094, 80.22667, 80.14571]","[15.078054634897514, 94.70327861935013, 104.03209073812745, 4.131312245391157, 124.38489071043607, 120.3206135032122, 40.97495293300155]","[39.900226757369616, 32.37641723356009, 65.73696145124717, 51.40589569160998, 80.48526077097506, 90.12244897959184, 72.1360544217687]","[(7009, 32.77502626686275), (41161, 41.269705472980164), (45355, 34.10496374482349), (86851, 25.449058561994548), (108995, 34.104963744823486), (113189, 41.26970547298015), (147341, 32.775026266862746)]"
E:/Learn/tool_instrument_voice_recognition/src/File âm thanh/10 súng phun sơn/sprayer3.wav,"[41.0105, 80.53759, 78.17408, 79.63045, 78.884094, 80.22667, 80.14571]","[423.90199923338935, 1.383674373279237, 0.8677191189712002, 1.0450080663628927, 0.6671316506115199, 0.4638352857693376, 0.8689473526222476]","[96.66213151927438, 98.43083900226758, 99.00226757369614, 98.21768707482993, 99.80952380952381, 100.0, 99.94104308390023]","[(0, 16354.545177948672), (42714, 19.853984709339073), (62558, 47.01044398511383), (67548, 49.51069816251429), (91792, 47.010443985113824), (111636, 19.85398470933907), (154344, 92.60882401863556)]"
E:/Learn/tool_instrument_voice_recognition/src/File âm thanh/10 súng phun sơn/sprayer4.wav,"[41.0105, 80.53759, 78.17408, 79.63045, 78.884094, 80.22667, 80.14571]","[40.82985850172283, 102.71858653064729, 56.698084010609556, 35.74367833563364, 74.60395130502071, 36.1236223052921, 3.256851177485216]","[72.87981859410431, 23.224489795918373, 73.6780045351474, 72.22222222222223, 68.53968253968253, 71.25170068027211, 51.1609977324263]","[(18486, 33.94806174100663), (44027, 47.82919097240878), (49417, 63.00416430947578), (82843, 36.99305050977352), (104933, 63.00416430947577), (110323, 47.82919097240878), (135864, 33.94806174100663)]"
E:/Learn/tool_instrument_voice_recognition/src/File âm thanh/10 súng phun sơn/sprayer6.wav,"[41.0105, 80.53759, 78.17408, 79.63045, 78.884094, 80.22667, 80.14571]","[22.243772980995303, 2.895856197037141, 3.021998662872994, 8.546151566934853, 23.296084340178087, 26.607220444462396, 37.47884533756102]","[52.34013605442177, 51.05215419501134, 51.51020408163266, 48.13151927437642, 40.10884353741496, 64.78004535147392, 83.34693877551021]","[(21864, 48.52083691584571), (42900, 98.731644762734), (45190, 123.14279140959454), (66410, 110.00833619442825), (109160, 123.14279140959454), (111450, 98.731644762734), (132486, 48.5208369158457)]"
E:/Learn/tool_instrument_voice_recognition/src/File âm thanh/10 súng phun sơn/sprayer7.wav,"[41.0105, 80.53759, 78.17408, 79.63045, 78.884094, 80.22667, 80.14571]","[18.149560667726018, 3.0596770488912064, 3.320379255559861, 9.396152265946425, 21.458350207346182, 29.59796856379225, 33.27258894264343]","[46.97052154195012, 50.33106575963719, 51.46031746031746, 56.52154195011338, 34.897959183673464, 40.204081632653065, 41.637188208616784]","[(21668, 46.440027978712784), (31580, 112.09551434096318), (58887, 141.41289571223038), (86980, 102.32019525695544), (95463, 141.41289571223032), (122770, 112.09551434096319), (132682, 46.44002797871277)]"
E:/Learn/tool_instrument_voice_recognition/src/File âm thanh/10 súng phun sơn/sprayer9.wav,"[41.0105, 80.53759, 78.17408, 79.63045, 78.884094, 80.22667, 80.14571]","[3.072239089970237, 2.2747225252844925, 2.8130973510477424, 2.3046735245207812, 2.169785170311419, 2.6475556333371926, 2.4652380954995308]","[55.795918367346935, 52.64399092970521, 44.64852607709751, 49.81859410430839, 53.64625850340136, 48.02721088435374, 54.56235827664399]","[(18971, 104.18973712803393), (42324, 136.8097415665988), (51493, 155.43601987391426), (67477, 175.96997553717517), (102857, 155.43601987391426), (112026, 136.8097415665988), (135379, 104.18973712803394)]"
E:/Learn/tool_instrument_voice_recognition/src/File âm thanh/2 cưa điện/cua_dien_1.wav,"[41.0105, 80.53759, 78.17408, 79.63045, 78.884094, 80.22667, 80.14571]","[0.0, 12.677084082471472, 3.191035295215746, 3.803934979978727, 4.599409242204967, 5.912200471114677, 8.800147602180784]","[100.0, 17.43764172335601, 51.151927437641724, 48.12698412698413, 54.59410430839002, 51.66439909297052, 58.34013605442177]","[(4132, 501.92459911678316), (42450, 108.33265760963377), (48943, 239.16845989761575), (86371, 144.01806659430872), (105407, 239.16845989761575), (111900, 108.33265760963377), (150218, 501.9245991167831)]"
E:/Learn/tool_instrument_voice_recognition/src/File âm thanh/2 cưa điện/cua_dien_10.wav,"[41.0105, 80.53759, 78.17408, 79.63045, 78.884094, 80.22667, 80.14571]","[5.312792890905511, 1.8064309982860105, 8.741092826295201, 2.0982488856783936, 1.4469549337047196, 6.795568974311685, 2.489916011455491]","[44.956916099773245, 48.74829931972789, 48.50340136054422, 46.68480725623583, 45.424036281179134, 48.87528344671202, 45.26077097505669]","[(0, 2927.2353285797044), (42700, 228.85517600233425), (50490, 416.153449677041), (67007, 287.29750843660736), (103860, 416.153449677041), (111650, 228.85517600233428), (153523, 2919.6417558957905)]"
E:/Learn/tool_instrument_voice_recognition/src/File âm thanh/2 cưa điện/cua_dien_2.wav,"[41.0105, 80.53759, 78.17408, 79.63045, 78.884094, 80.22667, 80.14571]","[17.935483733755213, 36.85658915173484, 35.44583265625295, 7.325502924088921, 5.994741123175205, 2.0063687120411835, 2.9273517751356675]","[48.07256235827665, 59.47392290249433, 60.17687074829932, 51.51473922902494, 50.22222222222222, 45.342403628117914, 49.02040816326531]","[(3899, 1225.6147884541356), (28818, 254.92881190511787), (49765, 379.13930197510825), (67442, 176.61657765261887), (104585, 379.1393019751083), (125532, 254.9288119051179), (150451, 1225.6147884541354)]"
E:/Learn/tool_instrument_voice_recognition/src/File âm thanh/2 cưa điện/cua_dien_3.wav,"[41.0105, 80.53759, 78.17408, 79.63045, 78.884094, 80.22667, 80.14571]","[4.933919397800034, 2.0029437652694817, 3.9966955501031842, 1.7042772337195597, 2.979165870904884, 3.1316042704323386, 2.9759810823071304]","[48.93877551020408, 48.816326530612244, 47.13832199546485, 46.0453514739229, 50.25850340136054, 49.070294784580504, 48.317460317460316]","[(4064, 2307.263782287634), (44072, 299.8656054411827), (49584, 513.0839381494064), (71198, 285.4103111305192), (104766, 513.0839381494065), (110278, 299.8656054411826), (150286, 2307.263782287634)]"
E:/Learn/tool_instrument_voice_recognition/src/File âm thanh/2 cưa điện/cua_dien_4.wav,"[41.0105, 80.53759, 78.17408, 79.63045, 78.884094, 80.22667, 80.14571]","[6.421524670237654, 1.7747621539802778, 4.5348969903508465, 3.7015033105576767, 2.155915589849298, 3.834489962762399, 2.8122755533245036]","[46.03628117913833, 48.544217687074834, 48.39909297052154, 47.20181405895691, 47.795918367346935, 50.30839002267574, 47.859410430839]","[(4024, 2056.8550588050034), (24413, 254.74670566298192), (48417, 580.48088834814), (68278, 364.6254714408986), (105933, 580.4808883481398), (129937, 254.74670566298187), (150326, 2056.855058805003)]"
E:/Learn/tool_instrument_voice_recognition/src/File âm thanh/2 cưa điện/cua_dien_5.wav,"[41.0105, 80.53759, 78.17408, 79.63045, 78.884094, 80.22667, 80.14571]","[4.585639097684518, 4.224974232991891, 1.869909656012342, 1.7306619503263694, 3.7720257595841153, 2.0769027022197406, 3.292601595499686]","[51.233560090702944, 49.58730158730159, 49.2517006802721, 48.38095238095238, 50.82993197278912, 47.718820861678005, 48.86167800453515]","[(3563, 1805.835779151005), (43085, 268.57074358413166), (50512, 561.8228158577424), (71934, 311.038827109739), (103838, 561.8228158577424), (111265, 268.57074358413166), (150787, 1805.835779151005)]"
E:/Learn/tool_instrument_voice_recognition/src/File âm thanh/2 cưa điện/cua_dien_6.wav,"[41.0105, 80.53759, 78.17408, 79.63045, 78.884094, 80.22667, 80.14571]","[5.854059839594113, 2.10601678838776, 2.810885209501499, 1.846257911529392, 2.552847838073614, 3.314862764091231, 1.9939671493678663]","[50.21768707482993, 48.625850340136054, 50.73015873015873, 49.342403628117914, 47.65079365079365, 48.752834467120174, 46.9342403628118]","[(3556, 2356.8723948459624), (43462, 306.12390437229107), (51468, 532.8295361280882), (68829, 395.4933610775874), (102882, 532.8295361280883), (110888, 306.12390437229107), (150794, 2356.872394845962)]"
E:/Learn/tool_instrument_voice_recognition/src/File âm thanh/2 cưa điện/cua_dien_7.wav,"[41.0105, 80.53759, 78.17408, 79.63045, 78.884094, 80.22667, 80.14571]","[5.178602273186105, 2.6468112954587144, 3.334281206618817, 4.00758191965343, 3.3894382635480724, 3.0440615465132788, 4.29892322946606]","[49.93197278911564, 48.802721088435376, 48.657596371882086, 48.90249433106576, 48.61224489795918, 50.29478458049886, 50.1859410430839]","[(3679, 2601.210722681616), (42397, 278.4245374557802), (49116, 499.4680275025831), (87125, 378.2984117164511), (105234, 499.46802750258297), (111953, 278.4245374557802), (150671, 2601.2107226816156)]"
E:/Learn/tool_instrument_voice_recognition/src/File âm thanh/2 cưa điện/cua_dien_8.wav,"[41.0105, 80.53759, 78.17408, 79.63045, 78.884094, 80.22667, 80.14571]","[4.947787692444129, 7.049046708492651, 21.047759014791588, 2.75059069251819, 2.2554990331714397, 7.498241363680878, 2.647274874470895]","[47.487528344671205, 50.013605442176875, 49.93197278911564, 47.61904761904761, 45.81405895691611, 47.89115646258504, 46.281179138321995]","[(785, 2579.0669885581497), (43288, 287.5125169762018), (49682, 492.9440195968831), (85672, 246.7794539271056), (104668, 492.9440195968831), (111062, 287.5125169762018), (153565, 2579.0669885581497)]"
E:/Learn/tool_instrument_voice_recognition/src/File âm thanh/2 cưa điện/cua_dien_9.wav,"[41.0105, 80.53759, 78.17408, 79.63045, 78.884094, 80.22667, 80.14571]","[10.05132270619533, 2.0163707779872873, 2.0661119276025732, 7.440550578203762, 3.721524038237909, 1.7206496711532098, 7.429129806474694]","[46.83446712018141, 47.92743764172336, 46.12244897959184, 51.93197278911564, 48.11791383219954, 46.8843537414966, 49.13832199546485]","[(794, 2469.3391738501496), (43672, 212.15592846585332), (49740, 592.4469355456007), (68506, 271.50043695684394), (104610, 592.4469355456005), (110678, 212.15592846585335), (153556, 2469.339173850149)]"
E:/Learn/tool_instrument_voice_recognition/src/File âm thanh/3 máy khoan/khoan_dien_1.wav,"[41.0105, 80.53759, 78.17408, 79.63045, 78.884094, 80.22667, 80.14571]","[7.0716921428626565, 139.18428688219757, 9.098270638666387, 19.385306826526566, 3.391711138621239, 4.998513062795003, 13.338449034684649]","[99.70975056689342, 4.081632653061234, 47.0204081632653, 89.6734693877551, 49.50113378684807, 56.82993197278912, 26.308390022675738]","[(5600, 51.306941215234026), (25371, 51.53734473056772), (49947, 20.534166765631014), (86485, 20.07781288178567), (104403, 20.534166765631017), (128979, 51.53734473056772), (148750, 51.306941215234026)]"
E:/Learn/tool_instrument_voice_recognition/src/File âm thanh/3 máy khoan/khoan_dien_10.wav,"[41.0105, 80.53759, 78.17408, 79.63045, 78.884094, 80.22667, 80.14571]","[31.247153816484783, 5.646897985744069, 10.930516814169962, 4.655764680410357, 10.697515637868838, 4.741167458650168, 4.072500190661577]","[70.19047619047619, 47.12018140589569, 64.86621315192744, 42.6031746031746, 51.6734693877551, 50.8390022675737, 48.317460317460316]","[(3676, 577.3026859706337), (42113, 104.87845855902346), (57363, 489.89380290267934), (66219, 49.007837153642214), (96987, 489.8938029026794), (112237, 104.87845855902344), (150674, 577.3026859706337)]"
E:/Learn/tool_instrument_voice_recognition/src/File âm thanh/3 máy khoan/khoan_dien_2.wav,"[41.0105, 80.53759, 78.17408, 79.63045, 78.884094, 80.22667, 80.14571]","[664.4063702180744, 31.078715788455504, 4.433014894658256, 2.5799579442675515, 4.780519344716422, 14.489107111114121, 10.223667812897475]","[7.564625850340136, 77.80952380952381, 53.68707482993197, 49.93650793650794, 51.41043083900227, 61.99546485260771, 53.70521541950114]","[(19087, 173.59109030683234), (27720, 225.3231129759014), (49134, 84.2817032082536), (67940, 98.64540973451851), (105216, 84.2817032082536), (126630, 225.3231129759014), (135263, 173.59109030683234)]"
E:/Learn/tool_instrument_voice_recognition/src/File âm thanh/3 máy khoan/khoan_dien_3.wav,"[41.0105, 80.53759, 78.17408, 79.63045, 78.884094, 80.22667, 80.14571]","[7.2710604423137255, 4.668021557985672, 2.122826266956205, 3.596841708557414, 3.8142897172032724, 5.256265948922928, 27.09600583517126]","[47.12925170068027, 48.04081632653061, 49.863945578231295, 49.45124716553288, 57.69614512471655, 54.997732426303855, 78.93877551020408]","[(5810, 295.1087388793029), (23944, 233.1375133539334), (45646, 120.83293309282575), (67370, 154.647887787072), (108704, 120.83293309282575), (130406, 233.1375133539334), (148540, 295.108738879303)]"
E:/Learn/tool_instrument_voice_recognition/src/File âm thanh/3 máy khoan/khoan_dien_4.wav,"[41.0105, 80.53759, 78.17408, 79.63045, 78.884094, 80.22667, 80.14571]","[84.23386393114924, 47.70354880518945, 3.2621994852975367, 3.3877731974955947, 3.5264940655213737, 3.555959050399473, 3.7591050476683967]","[83.2063492063492, 71.88208616780045, 49.77777777777778, 48.176870748299315, 51.83673469387755, 53.99546485260771, 46.61678004535147]","[(8404, 228.728275961388), (32794, 232.5488032868155), (45708, 142.35546599673935), (69441, 101.84857130160233), (108642, 142.35546599673935), (121556, 232.54880328681548), (145946, 228.72827596138805)]"
E:/Learn/tool_instrument_voice_recognition/src/File âm thanh/3 máy khoan/khoan_dien_5.wav,"[41.0105, 80.53759, 78.17408, 79.63045, 78.884094, 80.22667, 80.14571]","[18.934538225889703, 2.9770773954667327, 3.627648990442096, 3.1273544757693474, 3.5801895436764295, 2.6484557255614725, 3.811391211846577]","[52.77097505668934, 52.022675736961446, 52.625850340136054, 47.17460317460317, 49.482993197278915, 51.99546485260771, 53.77324263038549]","[(8955, 273.3678907755428), (32659, 266.9309112989808), (44266, 167.80046565537828), (66781, 123.11298999202431), (110084, 167.8004656553783), (121691, 266.9309112989808), (145395, 273.3678907755428)]"
E:/Learn/tool_instrument_voice_recognition/src/File âm thanh/3 máy khoan/khoan_dien_6.wav,"[41.0105, 80.53759, 78.17408, 79.63045, 78.884094, 80.22667, 80.14571]","[8.972971927277138, 34.11221219603682, 24.772531871262583, 4.800410419037299, 12.236597988244501, 6.013575116784999, 6.0204163246366775]","[38.80725623582767, 34.36281179138322, 43.90022675736961, 43.59183673469388, 54.86167800453515, 52.3718820861678, 49.50113378684807]","[(3955, 805.6359168273091), (41820, 118.00703040938679), (55064, 527.1683778362781), (66220, 42.66320132939759), (99286, 527.1683778362782), (112530, 118.00703040938679), (150395, 805.635916827309)]"
E:/Learn/tool_instrument_voice_recognition/src/File âm thanh/3 máy khoan/khoan_dien_7.wav,"[41.0105, 80.53759, 78.17408, 79.63045, 78.884094, 80.22667, 80.14571]","[7.072449645818059, 3.2195609609646323, 8.94167836384094, 6.013157155220618, 5.3641766093538275, 4.488153981981755, 6.56386171966525]","[58.439909297052154, 49.233560090702944, 53.20634920634921, 46.317460317460316, 55.20181405895691, 44.11337868480726, 47.53287981859411]","[(3816, 756.241822379784), (42112, 132.59498533707952), (55029, 485.84302535232933), (88163, 59.41052050171619), (99321, 485.8430253523293), (112238, 132.59498533707955), (150534, 756.241822379784)]"
E:/Learn/tool_instrument_voice_recognition/src/File âm thanh/3 máy khoan/khoan_dien_8.wav,"[41.0105, 80.53759, 78.17408, 79.63045, 78.884094, 80.22667, 80.14571]","[7.47486368785504, 6.357489791671036, 10.506315509112374, 8.639325740348015, 6.357147581487273, 3.9993406805608953, 5.789028085044785]","[53.12471655328798, 53.532879818594104, 50.30839002267574, 49.97278911564626, 48.36281179138322, 46.02721088435374, 39.63265306122449]","[(3816, 1509.2990014120267), (43020, 157.59736134206074), (55082, 463.0768224347887), (67935, 41.45429393496697), (99268, 463.07682243478877), (111330, 157.59736134206074), (150534, 1509.2990014120267)]"
E:/Learn/tool_instrument_voice_recognition/src/File âm thanh/3 máy khoan/khoan_dien_9.wav,"[41.0105, 80.53759, 78.17408, 79.63045, 78.884094, 80.22667, 80.14571]","[17.59935921588696, 10.876825521145726, 3.3979484101846102, 5.015566406239357, 9.300326020179671, 13.670785501710183, 8.773177634880302]","[36.167800453514744, 54.19501133786848, 49.600907029478456, 45.96825396825397, 56.276643990929706, 55.034013605442176, 50.204081632653065]","[(3816, 955.7877990553156), (42946, 153.6663905993549), (55015, 431.63278381686496), (66397, 41.47912440224231), (99335, 431.63278381686484), (111404, 153.6663905993549), (150534, 955.7877990553155)]"
E:/Learn/tool_instrument_voice_recognition/src/File âm thanh/4 máy cắt cỏ/may_cat_co_1.wav,"[41.0105, 80.53759, 78.17408, 79.63045, 78.884094, 80.22667, 80.14571]","[52.43284061285775, 5.568567731062926, 5.743795713143689, 5.821655803204824, 5.150894479482391, 6.4686894513128905, 5.790627192306731]","[39.77777777777778, 46.952380952380956, 29.882086167800452, 47.378684807256235, 44.6530612244898, 48.66666666666667, 33.33333333333334]","[(712, 602.7211927987424), (41150, 64.19100443154802), (52140, 58.51536255127612), (69416, 51.2591533629332), (102210, 58.51536255127612), (113200, 64.19100443154802), (153638, 602.7211927987424)]"
E:/Learn/tool_instrument_voice_recognition/src/File âm thanh/4 máy cắt cỏ/may_cat_co_10.wav,"[41.0105, 80.53759, 78.17408, 79.63045, 78.884094, 80.22667, 80.14571]","[8.340481504240225, 6.396958808458987, 6.10356430074067, 6.755759083482969, 6.735248549930041, 6.98934480682337, 6.781595291769398]","[42.57142857142857, 54.1859410430839, 43.83219954648526, 44.68027210884353, 33.15646258503402, 40.49886621315193, 40.507936507936506]","[(720, 544.793420181444), (37784, 64.83288141437227), (52777, 53.89709043273744), (69425, 63.30789605019984), (101573, 53.89709043273746), (116566, 64.83288141437227), (153630, 544.793420181444)]"
E:/Learn/tool_instrument_voice_recognition/src/File âm thanh/4 máy cắt cỏ/may_cat_co_2.wav,"[41.0105, 80.53759, 78.17408, 79.63045, 78.884094, 80.22667, 80.14571]","[8.312815227978971, 6.735843944451993, 6.356012151445611, 4.989746591031906, 5.364591676334385, 6.340458693254429, 7.03265664023569]","[52.07709750566893, 51.07936507936508, 54.9750566893424, 40.666666666666664, 46.57596371882086, 41.82312925170068, 45.73696145124716]","[(708, 598.3011356268254), (40551, 63.252970785923345), (52705, 55.41339087015355), (84711, 60.72654258317567), (101645, 55.413390870153535), (113799, 63.252970785923345), (153642, 598.3011356268254)]"
E:/Learn/tool_instrument_voice_recognition/src/File âm thanh/4 máy cắt cỏ/may_cat_co_3.wav,"[41.0105, 80.53759, 78.17408, 79.63045, 78.884094, 80.22667, 80.14571]","[10.022681841063639, 6.3444009728430375, 6.249788997783547, 5.8538991367510915, 6.73596524353516, 7.067107051123111, 6.943485995413669]","[46.49886621315192, 44.13605442176871, 54.235827664399096, 43.91836734693878, 45.77777777777777, 33.15646258503402, 40.49886621315193]","[(713, 581.985477850318), (38445, 74.10415580926123), (49645, 58.94283177573551), (69425, 64.43150614986124), (104705, 58.942831775735506), (115905, 74.10415580926123), (153637, 581.9854778503183)]"
E:/Learn/tool_instrument_voice_recognition/src/File âm thanh/4 máy cắt cỏ/may_cat_co_4.wav,"[41.0105, 80.53759, 78.17408, 79.63045, 78.884094, 80.22667, 80.14571]","[7.981202473084247, 7.033368427073583, 5.252785311036167, 6.2857291874631, 5.808898217704457, 5.373109701377827, 5.05823371261483]","[40.09977324263039, 45.55102040816327, 44.616780045351476, 50.25850340136054, 43.65532879818594, 40.17687074829932, 43.60997732426304]","[(763, 571.5348278670771), (44072, 48.3058646815201), (48712, 74.27031734067737), (68095, 50.92623521331287), (105638, 74.27031734067737), (110278, 48.30586468152011), (153587, 571.534827867077)]"
E:/Learn/tool_instrument_voice_recognition/src/File âm thanh/4 máy cắt cỏ/may_cat_co_5.wav,"[41.0105, 80.53759, 78.17408, 79.63045, 78.884094, 80.22667, 80.14571]","[9.017684389187327, 4.986708656707335, 6.187975174924802, 4.600704772054174, 5.485949731207386, 4.436189853281359, 11.060332554015552]","[51.32426303854875, 42.71201814058957, 41.01133786848072, 45.89115646258504, 41.91836734693878, 49.29705215419501, 56.42630385487528]","[(1015, 495.61619564632326), (38853, 76.97595174749769), (50172, 76.8077639265032), (70299, 52.79328589252647), (104178, 76.8077639265032), (115497, 76.97595174749769), (153335, 495.6161956463232)]"
E:/Learn/tool_instrument_voice_recognition/src/File âm thanh/4 máy cắt cỏ/may_cat_co_6.wav,"[41.0105, 80.53759, 78.17408, 79.63045, 78.884094, 80.22667, 80.14571]","[9.017684389187327, 4.986708656707335, 6.187975174924802, 4.600704772054174, 5.485949731207386, 4.436189853281359, 11.060332554015552]","[51.32426303854875, 42.71201814058957, 41.01133786848072, 45.89115646258504, 41.91836734693878, 49.29705215419501, 56.42630385487528]","[(1015, 495.61619564632326), (38853, 76.97595174749769), (50172, 76.8077639265032), (70299, 52.79328589252647), (104178, 76.8077639265032), (115497, 76.97595174749769), (153335, 495.6161956463232)]"
E:/Learn/tool_instrument_voice_recognition/src/File âm thanh/4 máy cắt cỏ/may_cat_co_7.wav,"[41.0105, 80.53759, 78.17408, 79.63045, 78.884094, 80.22667, 80.14571]","[9.017684389187327, 4.986708656707335, 6.187975174924802, 4.600704772054174, 5.485949731207386, 4.436189853281359, 11.060332554015552]","[51.32426303854875, 42.71201814058957, 41.01133786848072, 45.89115646258504, 41.91836734693878, 49.29705215419501, 56.42630385487528]","[(1015, 495.61619564632326), (38853, 76.97595174749769), (50172, 76.8077639265032), (70299, 52.79328589252647), (104178, 76.8077639265032), (115497, 76.97595174749769), (153335, 495.6161956463232)]"
E:/Learn/tool_instrument_voice_recognition/src/File âm thanh/4 máy cắt cỏ/may_cat_co_8.wav,"[41.0105, 80.53759, 78.17408, 79.63045, 78.884094, 80.22667, 80.14571]","[9.017684389187327, 4.986708656707335, 6.187975174924802, 4.600704772054174, 5.485949731207386, 4.436189853281359, 11.060332554015552]","[51.32426303854875, 42.71201814058957, 41.01133786848072, 45.89115646258504, 41.91836734693878, 49.29705215419501, 56.42630385487528]","[(1015, 495.61619564632326), (38853, 76.97595174749769), (50172, 76.8077639265032), (70299, 52.79328589252647), (104178, 76.8077639265032), (115497, 76.97595174749769), (153335, 495.6161956463232)]"
E:/Learn/tool_instrument_voice_recognition/src/File âm thanh/4 máy cắt cỏ/may_cat_co_9.wav,"[41.0105, 80.53759, 78.17408, 79.63045, 78.884094, 80.22667, 80.14571]","[9.333743255715383, 5.75247962640008, 5.1171564951627735, 5.678365436462974, 6.691146124337267, 6.39254192854943, 6.493257532738859]","[51.65986394557823, 54.7437641723356, 40.73015873015873, 46.43537414965987, 41.85487528344672, 45.98639455782313, 48.19501133786848]","[(708, 600.7943456080059), (37633, 60.91339918343115), (52705, 54.786402486884846), (69639, 57.53690302260641), (101645, 54.78640248688484), (116717, 60.91339918343117), (153642, 600.7943456080059)]"
E:/Learn/tool_instrument_voice_recognition/src/File âm thanh/5 máy bơm nước/máy bơm 1.wav,"[41.0105, 80.53759, 78.17408, 79.63045, 78.884094, 80.22667, 80.14571]","[7.336901925601672, 4.043131624348462, 3.7700758007953743, 4.582489570159288, 3.7741254100442996, 3.709767746650392, 4.09381316331703]","[47.97732426303855, 50.31292517006803, 47.97732426303855, 49.287981859410436, 47.62358276643991, 57.40589569160998, 53.06122448979592]","[(4710, 1177.2064292065445), (30731, 175.1237786407002), (57768, 155.21254520126436), (87816, 66.01801171156156), (96582, 155.2125452012644), (123619, 175.12377864070027), (149640, 1177.2064292065443)]"
E:/Learn/tool_instrument_voice_recognition/src/File âm thanh/5 máy bơm nước/máy bơm 10.wav,"[41.0105, 80.53759, 78.17408, 79.63045, 78.884094, 80.22667, 80.14571]","[4.388021731743763, 2.6414860723196485, 3.2647738044726706, 3.0296180128408152, 3.401208615313018, 3.0880919358293926, 3.2378016422236606]","[52.91609977324263, 51.06575963718821, 49.668934240362816, 49.13832199546485, 49.32426303854876, 51.31972789115646, 48.45804988662131]","[(1650, 368.8982851477591), (23145, 87.5744998669159), (53707, 260.7136289146786), (67665, 96.35083643948015), (100643, 260.7136289146787), (131205, 87.5744998669159), (152700, 368.89828514775905)]"
E:/Learn/tool_instrument_voice_recognition/src/File âm thanh/5 máy bơm nước/máy bơm 3.wav,"[41.0105, 80.53759, 78.17408, 79.63045, 78.884094, 80.22667, 80.14571]","[5.79134205765386, 4.466201096130091, 4.3779030536478825, 4.75012971063344, 5.767891053775592, 5.323429160662705, 4.333233122001513]","[47.941043083900226, 49.641723356009074, 51.80498866213152, 51.87301587301587, 48.40362811791383, 46.9297052154195, 47.115646258503396]","[(2732, 3655.5451633787343), (30730, 69.84358315028712), (55790, 182.9300102444145), (87809, 41.53741302731022), (98560, 182.93001024441446), (123620, 69.84358315028713), (151618, 3655.5451633787343)]"
E:/Learn/tool_instrument_voice_recognition/src/File âm thanh/5 máy bơm nước/máy bơm 5.wav,"[41.0105, 80.53759, 78.17408, 79.63045, 78.884094, 80.22667, 80.14571]","[5.666841413869068, 6.4969657343767935, 4.5462152898489006, 5.052002820385886, 5.491256632099283, 5.430278970327761, 5.092456688483556]","[50.75283446712018, 48.45804988662131, 50.87074829931973, 50.02267573696145, 47.93197278911565, 53.70975056689342, 50.44444444444444]","[(4071, 9236.113251073433), (29896, 107.37023128773836), (48532, 65.15008063959473), (87031, 17.873603586636573), (105818, 65.15008063959472), (124454, 107.37023128773835), (150279, 9236.113251073431)]"
E:/Learn/tool_instrument_voice_recognition/src/File âm thanh/5 máy bơm nước/máy bơm 6.wav,"[41.0105, 80.53759, 78.17408, 79.63045, 78.884094, 80.22667, 80.14571]","[3.181520153952459, 3.3767188099556646, 3.099277277111209, 3.0871240169203484, 3.091641354729377, 3.2385409899039326, 3.3470106943111335]","[46.40362811791383, 52.88888888888889, 49.46031746031746, 52.285714285714285, 48.50340136054422, 52.44897959183674, 47.1609977324263]","[(14546, 332.4717007869053), (26976, 127.00733200196647), (54277, 147.1476904082764), (66734, 74.50977328660355), (100073, 147.14769040827642), (127374, 127.00733200196647), (139804, 332.4717007869053)]"
E:/Learn/tool_instrument_voice_recognition/src/File âm thanh/5 máy bơm nước/máy bơm 7.wav,"[41.0105, 80.53759, 78.17408, 79.63045, 78.884094, 80.22667, 80.14571]","[3.919667608191281, 2.8604079855583784, 3.468345569646252, 2.9009828041861985, 2.850121397863231, 2.9461338107163706, 3.8351470615626093]","[49.274376417233555, 47.88662131519275, 50.33106575963719, 49.32426303854876, 50.249433106575964, 48.90702947845805, 49.691609977324255]","[(14611, 341.0719928479455), (23166, 92.37213515045393), (53899, 195.70534202646368), (86566, 85.60560035357572), (100451, 195.70534202646368), (131184, 92.37213515045393), (139739, 341.0719928479455)]"
E:/Learn/tool_instrument_voice_recognition/src/File âm thanh/5 máy bơm nước/máy bơm 8.wav,"[41.0105, 80.53759, 78.17408, 79.63045, 78.884094, 80.22667, 80.14571]","[4.12703764538259, 2.515023751870363, 3.3848789976521707, 3.1422692423109853, 3.029504837676151, 3.0056414737676582, 3.3565446035936475]","[50.45804988662132, 50.03174603174603, 53.27437641723356, 48.766439909297056, 49.53741496598639, 49.15192743764172, 50.22675736961451]","[(1648, 281.1166324906954), (27033, 133.13552756141476), (54393, 216.28653058081647), (67967, 88.93555118364921), (99957, 216.28653058081647), (127317, 133.1355275614148), (152702, 281.1166324906954)]"
E:/Learn/tool_instrument_voice_recognition/src/File âm thanh/5 máy bơm nước/máy bơm 9.wav,"[41.0105, 80.53759, 78.17408, 79.63045, 78.884094, 80.22667, 80.14571]","[3.7639096200596107, 3.719954387772651, 3.3823386117416834, 3.4538564460706853, 3.251276373131467, 3.0488679867370854, 3.201084649966409]","[49.224489795918366, 48.594104308390015, 49.482993197278915, 48.961451247165535, 51.337868480725625, 51.519274376417236, 48.725623582766445]","[(14546, 235.05277177772868), (40455, 126.30197739024264), (53941, 184.84871159864193), (68768, 94.60523926441968), (100409, 184.84871159864193), (113895, 126.30197739024266), (139804, 235.05277177772874)]"
E:/Learn/tool_instrument_voice_recognition/src/File âm thanh/6 quạt điện/quạt điện 1.wav,"[41.0105, 80.53759, 78.17408, 79.63045, 78.884094, 80.22667, 80.14571]","[4.272952462075452, 1.1357545451010949, 1.1866463213837484, 1.084521862434312, 1.024296166447346, 1.180144215218856, 1.7061220924439287]","[45.63718820861678, 45.51473922902495, 45.083900226757365, 44.97505668934241, 45.03401360544218, 45.48299319727891, 45.3514739229025]","[(461, 32909.22309847725), (22346, 11.516929530926463), (60293, 16.639531741378796), (86897, 14.67779490195008), (94057, 16.639531741378857), (132004, 11.516929530926431), (153889, 32909.223098477254)]"
E:/Learn/tool_instrument_voice_recognition/src/File âm thanh/6 quạt điện/quạt điện 10.wav,"[41.0105, 80.53759, 78.17408, 79.63045, 78.884094, 80.22667, 80.14571]","[8.415241875999802, 8.672765969586614, 8.32617832652648, 6.537220447457263, 8.186858482769734, 6.659933051005716, 7.043917071894699]","[51.04308390022676, 61.24716553287982, 61.76417233560091, 52.68027210884354, 53.941043083900226, 50.276643990929706, 52.35374149659864]","[(745, 1470.2770312096768), (22465, 8.19634283008414), (60293, 10.558864651833934), (87877, 3.8862305552865193), (94057, 10.558864651833922), (131885, 8.196342830084134), (153605, 1470.277031209677)]"
E:/Learn/tool_instrument_voice_recognition/src/File âm thanh/6 quạt điện/quạt điện 5.wav,"[41.0105, 80.53759, 78.17408, 79.63045, 78.884094, 80.22667, 80.14571]","[169.3009349782843, 10.133394967609396, 9.724838289037594, 8.57742658505837, 6.573350456476744, 8.295424750429534, 9.286892971777846]","[75.18367346938776, 53.106575963718825, 54.55328798185941, 57.034013605442176, 46.68027210884353, 49.26530612244898, 55.192743764172334]","[(3, 709.9439062189928), (22262, 7.882030532617055), (57513, 5.39521680897943), (66602, 2.0183546435594715), (96837, 5.3952168089794315), (132088, 7.882030532617052), (154347, 709.9439062189927)]"
E:/Learn/tool_instrument_voice_recognition/src/File âm thanh/6 quạt điện/quạt điện 6.wav,"[41.0105, 80.53759, 78.17408, 79.63045, 78.884094, 80.22667, 80.14571]","[151.36504902147016, 6.888788962082582, 5.462503170461527, 6.61394939081566, 7.323821819209981, 6.71871212821099, 5.162637703774852]","[62.276643990929706, 49.20634920634921, 49.2517006802721, 50.11337868480726, 48.71201814058958, 48.23129251700681, 49.0249433106576]","[(498, 6323.3832960909685), (22094, 2.4836704866124553), (56000, 13.256864459973597), (88004, 1.0565662879706168), (98350, 13.256864459973606), (132256, 2.483670486612459), (153852, 6323.383296090968)]"
E:/Learn/tool_instrument_voice_recognition/src/File âm thanh/6 quạt điện/quạt điện 7.wav,"[41.0105, 80.53759, 78.17408, 79.63045, 78.884094, 80.22667, 80.14571]","[6.4856642321142, 7.049489697618854, 7.171694160760602, 4.391793565203746, 5.224437215587213, 4.264983099087009, 7.50836497283585]","[49.12925170068028, 48.78004535147392, 49.13378684807256, 49.47392290249433, 49.755102040816325, 49.560090702947846, 49.12925170068028]","[(501, 3745.3647122955463), (22382, 2.6158240098559253), (56000, 4.945625646103172), (85311, 1.1535812065727526), (98350, 4.945625646103153), (131968, 2.6158240098559293), (153849, 3745.364712295546)]"
E:/Learn/tool_instrument_voice_recognition/src/File âm thanh/6 quạt điện/quạt điện 8.wav,"[41.0105, 80.53759, 78.17408, 79.63045, 78.884094, 80.22667, 80.14571]","[7.802566285461707, 8.08565772327018, 7.236648288588705, 10.23335883524158, 8.472525833972863, 8.582098201094638, 7.33576456855406]","[47.668934240362816, 51.05668934240363, 49.414965986394556, 49.079365079365076, 53.08390022675737, 45.89115646258504, 47.68707482993197]","[(728, 889.2941669811527), (24059, 8.534315713792777), (56694, 5.39806076707713), (88157, 2.2838705496491767), (97656, 5.398060767077131), (130291, 8.534315713792777), (153622, 889.2941669811528)]"
E:/Learn/tool_instrument_voice_recognition/src/File âm thanh/6 quạt điện/quạt điện 9.wav,"[41.0105, 80.53759, 78.17408, 79.63045, 78.884094, 80.22667, 80.14571]","[9.961969093121805, 7.702747635942485, 6.91863701739792, 7.329209791731999, 8.355542988560739, 7.744296115457213, 8.302538067385155]","[50.42630385487528, 46.535147392290256, 50.56689342403628, 52.585034013605444, 53.006802721088434, 49.09297052154194, 51.02947845804989]","[(746, 1232.0928253527588), (22675, 7.238992569681625), (60293, 10.376941736782747), (67453, 4.0400431613794305), (94057, 10.376941736782753), (131675, 7.238992569681628), (153604, 1232.092825352759)]"
E:/Learn/tool_instrument_voice_recognition/src/File âm thanh/7 máy phát điện/máy phát điện 1.wav,"[41.0105, 80.53759, 78.17408, 79.63045, 78.884094, 80.22667, 80.14571]","[4.800586724859597, 7.644390220022095, 6.423955721159776, 9.090370240543658, 7.000012141326719, 6.692939233921823, 6.119309349118599]","[50.76643990929705, 50.49886621315193, 48.87528344671202, 49.75056689342403, 50.58956916099773, 47.19274376417234, 46.44444444444444]","[(363, 12933.821464107483), (22263, 66.63486738909018), (60293, 83.37689707025915), (67453, 70.40826417786016), (94057, 83.37689707025913), (132087, 66.6348673890902), (153987, 12933.821464107483)]"
E:/Learn/tool_instrument_voice_recognition/src/File âm thanh/7 máy phát điện/máy phát điện 10.wav,"[41.0105, 80.53759, 78.17408, 79.63045, 78.884094, 80.22667, 80.14571]","[7.124428222833071, 6.318336118766594, 4.78968283851351, 6.2684692188798055, 6.378637526982597, 6.220352032133157, 5.864670295670207]","[54.358276643990926, 44.07256235827665, 48.39455782312925, 51.84580498866213, 53.88208616780045, 55.92290249433107, 53.859410430839]","[(760, 4052.337458535607), (22159, 55.79432192009152), (60293, 46.77008938290396), (67453, 43.14344560606269), (94057, 46.770089382903976), (132191, 55.794321920091505), (153590, 4052.337458535607)]"
E:/Learn/tool_instrument_voice_recognition/src/File âm thanh/7 máy phát điện/máy phát điện 3.wav,"[41.0105, 80.53759, 78.17408, 79.63045, 78.884094, 80.22667, 80.14571]","[7.993882796510534, 5.920620442235044, 5.695015013528367, 8.172541532188742, 10.312048452241081, 8.528205285602738, 10.658753870631612]","[55.96371882086168, 53.80498866213152, 51.60997732426304, 51.07936507936508, 51.24716553287982, 51.151927437641724, 51.93650793650794]","[(363, 9640.83852782249), (25088, 64.47941407176289), (60293, 67.55463791499456), (67453, 50.30623878741837), (94057, 67.55463791499454), (129262, 64.4794140717629), (153987, 9640.83852782249)]"
E:/Learn/tool_instrument_voice_recognition/src/File âm thanh/7 máy phát điện/máy phát điện 4.wav,"[41.0105, 80.53759, 78.17408, 79.63045, 78.884094, 80.22667, 80.14571]","[8.291955610336519, 8.373476789399449, 9.062888928955156, 9.517811269255443, 7.667367791734813, 9.503067109367944, 7.231930239746968]","[52.52607709750567, 54.45351473922903, 47.981859410430836, 49.04308390022676, 48.90702947845805, 51.197278911564624, 47.44671201814059]","[(363, 7900.159352995688), (23980, 66.00591143942887), (60293, 68.16238824077159), (86897, 61.0347138433587), (94057, 68.16238824077156), (130370, 66.00591143942884), (153987, 7900.159352995688)]"
E:/Learn/tool_instrument_voice_recognition/src/File âm thanh/7 máy phát điện/máy phát điện 6.wav,"[41.0105, 80.53759, 78.17408, 79.63045, 78.884094, 80.22667, 80.14571]","[6.148533603490526, 3.6765220214701477, 3.1009335644566383, 3.1501304391505465, 3.9406069644471806, 3.977003236789079, 3.4647470111806236]","[47.183673469387756, 52.68934240362812, 49.69614512471655, 59.13378684807256, 50.71655328798186, 47.941043083900226, 49.832199546485256]","[(1015, 1215.5778568514029), (22915, 141.79734313597967), (60293, 300.60563837519936), (86897, 212.58622673225844), (94057, 300.60563837519936), (131435, 141.79734313597967), (153335, 1215.5778568514027)]"
E:/Learn/tool_instrument_voice_recognition/src/File âm thanh/7 máy phát điện/máy phát điện 9.wav,"[41.0105, 80.53759, 78.17408, 79.63045, 78.884094, 80.22667, 80.14571]","[8.359514644672704, 6.735183074626894, 6.345286177072142, 6.080197968653271, 7.068361008333297, 8.410832998786299, 7.288831986841702]","[50.476190476190474, 55.36961451247166, 55.00680272108844, 55.51020408163265, 53.637188208616784, 46.36734693877551, 49.27891156462585]","[(751, 4656.632636315422), (29628, 39.46728030296513), (60293, 44.33718146935101), (67453, 32.60774435353891), (94057, 44.33718146935101), (124722, 39.46728030296512), (153599, 4656.632636315422)]"
E:/Learn/tool_instrument_voice_recognition/src/File âm thanh/7 máy phát điện/máy-phát-điện-7.wav,"[41.0105, 80.53759, 78.17408, 79.63045, 78.884094, 80.22667, 80.14571]","[5.683985839565393, 4.131016366383327, 3.729229614449044, 3.8440023138675663, 3.474629058092389, 4.121571677110513, 3.9319081076731286]","[55.81859410430839, 46.54875283446712, 48.40362811791383, 48.71655328798185, 51.183673469387756, 49.15192743764172, 52.20408163265306]","[(1020, 1539.556291287988), (23002, 127.04526752924578), (60293, 306.71823634996423), (67453, 211.02239712527364), (94057, 306.71823634996423), (131348, 127.04526752924578), (153330, 1539.5562912879882)]"
E:/Learn/tool_instrument_voice_recognition/src/File âm thanh/8 máy giặt/washing1.wav,"[41.0105, 80.53759, 78.17408, 79.63045, 78.884094, 80.22667, 80.14571]","[10.406181449747406, 7.896527805409971, 9.935486360475243, 7.951243673839296, 13.97403508169754, 9.505636065400072, 13.372612941921467]","[56.26303854875284, 53.08843537414966, 45.92743764172336, 49.84126984126984, 42.054421768707485, 42.33560090702948, 55.224489795918366]","[(1401, 3328.067965256165), (22348, 49.87616323528276), (47038, 15.221252732935007), (84105, 3.893202371300611), (107312, 15.221252732934994), (132002, 49.87616323528276), (152949, 3328.067965256165)]"
E:/Learn/tool_instrument_voice_recognition/src/File âm thanh/8 máy giặt/washing10.wav,"[41.0105, 80.53759, 78.17408, 79.63045, 78.884094, 80.22667, 80.14571]","[139790.62287105442, 9.823559233821774, 9.818522900431638, 8.747058418313307, 7.638541299439523, 10.158053552801167, 8.18984610149138]","[45.31065759637188, 48.79365079365079, 45.111111111111114, 54.616780045351476, 50.64852607709751, 47.95918367346938, 51.641723356009074]","[(2808, 4157.251923854821), (25264, 139.486927845736), (51986, 91.54044959425296), (85555, 39.3043400018814), (102364, 91.54044959425293), (129086, 139.48692784573598), (151542, 4157.25192385482)]"
E:/Learn/tool_instrument_voice_recognition/src/File âm thanh/8 máy giặt/washing2.wav,"[41.0105, 80.53759, 78.17408, 79.63045, 78.884094, 80.22667, 80.14571]","[8.607581512850905, 9.456295064107204, 11.742456167814366, 9.932699348289697, 11.959882094968288, 8.944882675340134, 13.035393977493403]","[42.52154195011338, 49.89569160997732, 38.04081632653061, 51.909297052154194, 44.82539682539682, 45.528344671201815, 40.684807256235835]","[(700, 3401.6004447406226), (22181, 75.57785442101097), (45858, 19.047927150025956), (66237, 4.627815559850595), (108492, 19.04792715002594), (132169, 75.57785442101098), (153650, 3401.600444740623)]"
E:/Learn/tool_instrument_voice_recognition/src/File âm thanh/8 máy giặt/washing3.wav,"[41.0105, 80.53759, 78.17408, 79.63045, 78.884094, 80.22667, 80.14571]","[11.57909225507336, 11.358631956387573, 13.282083711099057, 12.216846766282938, 11.348575021007232, 7.952679497178733, 6.6099811993938475]","[48.961451247165535, 48.71655328798185, 47.81405895691609, 50.54875283446712, 49.35600907029478, 52.39455782312925, 49.68707482993197]","[(132, 4962.686467781299), (24347, 82.35428968309934), (57451, 24.857846705254932), (66724, 19.80471976243718), (96899, 24.85784670525491), (130003, 82.35428968309937), (154218, 4962.6864677813)]"
E:/Learn/tool_instrument_voice_recognition/src/File âm thanh/8 máy giặt/washing4.wav,"[41.0105, 80.53759, 78.17408, 79.63045, 78.884094, 80.22667, 80.14571]","[8.626163550501968, 6.275184084716741, 7.210440723602439, 8.140883367256416, 7.380241450681795, 7.589612114298645, 6.500764936208725]","[50.90702947845805, 49.378684807256235, 50.86167800453515, 50.22675736961451, 53.78684807256236, 52.10430839002267, 49.46938775510205]","[(910, 8282.255394299644), (23234, 624.1753049449374), (49129, 549.8804358622818), (87381, 70.56252052062605), (105221, 549.880435862282), (131116, 624.1753049449375), (153440, 8282.255394299644)]"
E:/Learn/tool_instrument_voice_recognition/src/File âm thanh/8 máy giặt/washing5.wav,"[41.0105, 80.53759, 78.17408, 79.63045, 78.884094, 80.22667, 80.14571]","[10.360416830625645, 9.355674043763429, 8.861541235819459, 9.211883241299628, 9.618861392317783, 9.077172165381766, 10.234154023540517]","[54.358276643990926, 52.14512471655329, 51.292517006802726, 52.64852607709751, 47.278911564625844, 48.997732426303855, 47.69614512471655]","[(701, 6165.037001540785), (25248, 189.87271392002347), (50530, 83.16772204517251), (87697, 19.642254648279902), (103820, 83.16772204517251), (129102, 189.87271392002344), (153649, 6165.037001540787)]"
E:/Learn/tool_instrument_voice_recognition/src/File âm thanh/8 máy giặt/washing6.wav,"[41.0105, 80.53759, 78.17408, 79.63045, 78.884094, 80.22667, 80.14571]","[13.822706264638624, 10.003205639631709, 11.052917404699006, 11.297023843508214, 10.155682412421031, 11.648340981143216, 11.162213882198557]","[49.560090702947846, 50.53061224489796, 50.761904761904766, 49.63718820861678, 47.08843537414966, 47.82312925170068, 50.21315192743764]","[(877, 6098.320140113762), (25321, 194.60452109702388), (50533, 92.0392874978045), (66656, 14.743028951108371), (103817, 92.03928749780451), (129029, 194.60452109702385), (153473, 6098.320140113763)]"
E:/Learn/tool_instrument_voice_recognition/src/File âm thanh/8 máy giặt/washing7.wav,"[41.0105, 80.53759, 78.17408, 79.63045, 78.884094, 80.22667, 80.14571]","[3500.0813610738055, 10.476582652024392, 6.820794958843007, 9.306063535179765, 6.309901239001192, 7.857770817576065, 8.377277566164377]","[52.11337868480725, 56.89795918367347, 50.12244897959184, 46.94331065759637, 48.58956916099773, 46.87074829931973, 53.17006802721088]","[(1405, 4996.732170566775), (25280, 147.13700483129116), (49155, 109.46896777448725), (68699, 31.486062624250383), (105195, 109.46896777448725), (129070, 147.13700483129125), (152945, 4996.732170566775)]"
E:/Learn/tool_instrument_voice_recognition/src/File âm thanh/8 máy giặt/washing8.wav,"[41.0105, 80.53759, 78.17408, 79.63045, 78.884094, 80.22667, 80.14571]","[9.043786793860585, 5.2452797028568705, 5.705675562785473, 4.939910059883481, 4.817316065531313, 5.809388047505525, 5.230531436834662]","[48.02721088435374, 52.702947845804985, 50.46258503401361, 51.678004535147394, 51.868480725623584, 52.00907029478458, 53.24716553287982]","[(585, 6476.9365665371015), (29480, 37.68963035033635), (58916, 174.56996600730517), (87412, 6.750961570012113), (95434, 174.5699660073052), (124870, 37.689630350336365), (153765, 6476.936566537102)]"
E:/Learn/tool_instrument_voice_recognition/src/File âm thanh/8 máy giặt/washing9.wav,"[41.0105, 80.53759, 78.17408, 79.63045, 78.884094, 80.22667, 80.14571]","[6.342750838632847, 5.639731985450323, 4.214008057888783, 5.913719140170586, 4.9380045686294105, 6.039393518239238, 6.103608400804833]","[55.06575963718821, 52.48526077097505, 49.77777777777778, 53.83673469387755, 55.38775510204081, 51.01587301587301, 51.39229024943311]","[(585, 6492.908459296089), (29431, 45.3406656291461), (58936, 274.33424440960385), (87347, 6.222389155744774), (95414, 274.33424440960385), (124919, 45.3406656291461), (153765, 6492.908459296089)]"
E:/Learn/tool_instrument_voice_recognition/src/File âm thanh/9 tông đơ cắt tóc/trimmer1.wav,"[41.0105, 80.53759, 78.17408, 79.63045, 78.884094, 80.22667, 80.14571]","[5.750594431633227, 3.346739665305774, 7.551183134117829, 4.824024109984748, 1.723135635811126, 2.010435436109436, 2.4246711868770596]","[52.44897959183674, 54.69387755102041, 37.70521541950114, 46.22222222222222, 51.718820861678005, 47.51927437641723, 51.859410430839006]","[(10214, 1134.3699651328993), (23572, 517.3472922624376), (58665, 56.81115595376637), (87533, 34.609285473435875), (95685, 56.81115595376635), (130778, 517.3472922624376), (144136, 1134.369965132899)]"
E:/Learn/tool_instrument_voice_recognition/src/File âm thanh/9 tông đơ cắt tóc/trimmer10.wav,"[41.0105, 80.53759, 78.17408, 79.63045, 78.884094, 80.22667, 80.14571]","[12.989266835109786, 4.103129408239121, 5.142032576259226, 7.340069491571437, 3.4063904643213996, 4.5683578626873595, 8.922180961374016]","[44.10884353741496, 52.054421768707485, 46.82539682539682, 51.08843537414966, 55.2108843537415, 50.54875283446712, 37.786848072562364]","[(840, 657.9119248576939), (26040, 36.24498711941169), (46205, 27.835974072959186), (71525, 22.96728695700774), (108145, 27.83597407295919), (128310, 36.2449871194117), (153510, 657.9119248576939)]"
E:/Learn/tool_instrument_voice_recognition/src/File âm thanh/9 tông đơ cắt tóc/trimmer2.wav,"[41.0105, 80.53759, 78.17408, 79.63045, 78.884094, 80.22667, 80.14571]","[3.6182997430144095, 3.5081468463648067, 3.789164990996055, 2.6384574544776807, 2.8321040388878567, 2.7964071548056033, 2.6933905938806544]","[55.759637188208615, 52.625850340136054, 62.33560090702947, 54.807256235827666, 60.46258503401361, 48.82086167800453, 42.93877551020409]","[(6203, 225.16221952523594), (23472, 153.82369823741038), (46920, 81.43411892283547), (69593, 31.83351328541116), (107430, 81.43411892283547), (130878, 153.82369823741038), (148147, 225.16221952523594)]"
E:/Learn/tool_instrument_voice_recognition/src/File âm thanh/9 tông đơ cắt tóc/trimmer3.wav,"[41.0105, 80.53759, 78.17408, 79.63045, 78.884094, 80.22667, 80.14571]","[4.793269484544845, 1.3788500939318467, 1.2791706493035668, 1.8092989771892982, 2.1535121220560023, 1.9280578160846962, 1.7935978555085188]","[52.317460317460316, 49.224489795918366, 51.156462585034014, 49.650793650793645, 47.31065759637188, 49.35600907029478, 51.519274376417236]","[(717, 2226.781868009748), (32953, 382.64845625836085), (47258, 125.07932490754764), (84864, 15.81310884173307), (107092, 125.07932490754764), (121397, 382.64845625836074), (153633, 2226.7818680097485)]"
E:/Learn/tool_instrument_voice_recognition/src/File âm thanh/9 tông đơ cắt tóc/trimmer4.wav,"[41.0105, 80.53759, 78.17408, 79.63045, 78.884094, 80.22667, 80.14571]","[3.3757542816348116, 1.6783156421124226, 1.8290016167503338, 2.2738298338524707, 1.5021147741381788, 1.791801426502172, 2.5591928419002907]","[30.770975056689338, 32.44444444444444, 30.258503401360542, 30.421768707482983, 31.287981859410436, 32.19501133786848, 35.913832199546476]","[(5783, 385.32033293664057), (42246, 147.14957515283035), (61305, 222.32980250906738), (85637, 132.08906090558784), (93045, 222.3298025090674), (112104, 147.14957515283035), (148567, 385.3203329366405)]"
E:/Learn/tool_instrument_voice_recognition/src/File âm thanh/9 tông đơ cắt tóc/trimmer5.wav,"[41.0105, 80.53759, 78.17408, 79.63045, 78.884094, 80.22667, 80.14571]","[2.33820823865921, 1.1983781524967136, 1.4803656817613435, 1.272337051895669, 1.0552942295492227, 1.3698842581583275, 1.326835458478724]","[52.69387755102041, 52.78458049886621, 54.172335600907026, 56.02267573696145, 55.43764172335601, 57.074829931972786, 57.43310657596372]","[(12059, 493.1587449552052), (26130, 184.60315838308532), (48238, 70.52273660346759), (71023, 8.590826051647873), (106112, 70.52273660346759), (128220, 184.60315838308532), (142291, 493.1587449552052)]"
E:/Learn/tool_instrument_voice_recognition/src/File âm thanh/9 tông đơ cắt tóc/trimmer7.wav,"[41.0105, 80.53759, 78.17408, 79.63045, 78.884094, 80.22667, 80.14571]","[6.173124252077392, 1.0987576091706397, 1.1771270498034678, 0.7307238756939547, 1.0940194270612362, 0.9480811658293187, 1.2159114910727589]","[51.3469387755102, 49.76417233560091, 41.76870748299319, 45.600907029478456, 47.002267573696145, 50.580498866213155, 43.034013605442176]","[(628, 2303.8380255248744), (24499, 127.31540578391692), (45871, 49.43220700165445), (67861, 26.31446227954397), (108479, 49.43220700165445), (129851, 127.3154057839169), (153722, 2303.8380255248744)]"
E:/Learn/tool_instrument_voice_recognition/src/File âm thanh/9 tông đơ cắt tóc/trimmer8.wav,"[41.0105, 80.53759, 78.17408, 79.63045, 78.884094, 80.22667, 80.14571]","[4.819790441759451, 5.214142308215655, 3.332340524676034, 4.98809342818623, 2.328875649254769, 1.6807590709331202, 2.129208841471977]","[51.27891156462585, 47.82312925170068, 51.900226757369616, 49.49659863945578, 51.20181405895692, 50.8843537414966, 50.33560090702947]","[(700, 4277.910423715857), (26625, 44.87169834992072), (53902, 6.523215729585249), (87070, 8.228014362105128), (100448, 6.523215729585241), (127725, 44.871698349920706), (153650, 4277.910423715857)]"
E:/Learn/tool_instrument_voice_recognition/src/File âm thanh/9 tông đơ cắt tóc/trimmer9.wav,"[41.0105, 80.53759, 78.17408, 79.63045, 78.884094, 80.22667, 80.14571]","[4.558710700312499, 1.9709608277827058, 2.05433603606209, 1.9456560501047144, 1.9063096889849043, 1.6665361037233932, 2.445924079247994]","[53.45124716553288, 52.03628117913832, 50.10884353741496, 48.91609977324263, 48.240362811791385, 45.65986394557823, 45.48299319727891]","[(16931, 728.990835061674), (36075, 616.5475991184024), (44174, 236.55074805635516), (88098, 13.582169278815675), (110176, 236.5507480563552), (118275, 616.5475991184026), (137419, 728.9908350616741)]"
